id,type,title,body,author,created_utc,url,subreddit,score,num_comments
seed_post_0_disco,post,Discover Weekly has been repeating the same artists for 3 months (Discussion Part 1),"Every Monday I open my Discover Weekly hoping to find new indie artists, but Spotify just feeds me the same 5-6 artists I already have in my library or listened to last year. Is the algorithm stuck? [Entry iteration 1]",user_reddit_0_0,2026-01-01T10:00:00+00:00,https://reddit.com/r/spotify/comments/seed_post_0_disco,spotify,142,7
seed_comment_0_1_0,comment,Comment on: Discover Weekly has been repeating the same artists for 3 months,Same here! I listen to synthwave once and now my Discover Weekly is 90% synthwave for the last month. (Detail Iteration 1),commenter_0_0,2026-01-01T11:00:00+00:00,https://reddit.com/r/spotify/comments/seed_post_0_disco/_/seed_comment_0_1_0,spotify,21,0
seed_comment_0_1_1,comment,Comment on: Discover Weekly has been repeating the same artists for 3 months,"I found that if you block the artists you don't want, it forces the algorithm to find new ones. (Detail Iteration 1)",commenter_0_1,2026-01-01T11:01:00+00:00,https://reddit.com/r/spotify/comments/seed_post_0_disco/_/seed_comment_0_1_1,spotify,18,0
seed_comment_0_1_2,comment,Comment on: Discover Weekly has been repeating the same artists for 3 months,Discover Weekly used to be gold in 2018. Now it feels like a paid promotion playlist for major labels. (Detail Iteration 1),commenter_0_2,2026-01-01T11:02:00+00:00,https://reddit.com/r/spotify/comments/seed_post_0_disco/_/seed_comment_0_1_2,spotify,15,0
seed_comment_0_1_3,comment,Comment on: Discover Weekly has been repeating the same artists for 3 months,Try creating a clean secondary account. The recommendations there are much fresher. (Detail Iteration 1),commenter_0_3,2026-01-01T11:03:00+00:00,https://reddit.com/r/spotify/comments/seed_post_0_disco/_/seed_comment_0_1_3,spotify,12,0
seed_comment_0_1_4,comment,Comment on: Discover Weekly has been repeating the same artists for 3 months,It's because of their new 'Discovery Mode' where labels accept lower royalties for placement. (Detail Iteration 1),commenter_0_4,2026-01-01T11:04:00+00:00,https://reddit.com/r/spotify/comments/seed_post_0_disco/_/seed_comment_0_1_4,spotify,9,0
seed_comment_0_1_5,comment,Comment on: Discover Weekly has been repeating the same artists for 3 months,I skipped 15 tracks in a row today. Truly disappointing. (Detail Iteration 1),commenter_0_5,2026-01-01T11:05:00+00:00,https://reddit.com/r/spotify/comments/seed_post_0_disco/_/seed_comment_0_1_5,spotify,6,0
seed_comment_0_1_6,comment,Comment on: Discover Weekly has been repeating the same artists for 3 months,"I listen to jazz and classical, but got recommended Drake. Make it make sense. (Detail Iteration 1)",commenter_0_6,2026-01-01T11:06:00+00:00,https://reddit.com/r/spotify/comments/seed_post_0_disco/_/seed_comment_0_1_6,spotify,3,0
seed_post_0_best_,post,Best way to reset Discover Weekly recommendations? (Discussion Part 1),My playlist is completely ruined because I left a lo-fi playlist running overnight to sleep. How do I get it back to my actual music taste? [Entry iteration 1],user_reddit_0_1,2026-01-01T10:00:00+00:00,https://reddit.com/r/truespotify/comments/seed_post_0_best_,truespotify,95,5
seed_comment_0_2_0,comment,Comment on: Best way to reset Discover Weekly recommendations?,Turn on 'Private Session' before playing sleep playlists. It prevents it from affecting your recommendations. (Detail Iteration 1),commenter_0_0,2026-01-01T11:00:00+00:00,https://reddit.com/r/truespotify/comments/seed_post_0_best_/_/seed_comment_0_2_0,truespotify,15,0
seed_comment_0_2_1,comment,Comment on: Best way to reset Discover Weekly recommendations?,There's no reset button. You just have to actively search and play your normal music for a few weeks. (Detail Iteration 1),commenter_0_1,2026-01-01T11:01:00+00:00,https://reddit.com/r/truespotify/comments/seed_post_0_best_/_/seed_comment_0_2_1,truespotify,12,0
seed_comment_0_2_2,comment,Comment on: Best way to reset Discover Weekly recommendations?,Exclude the sleep playlist from your taste profile! There is an option in the playlist settings. (Detail Iteration 1),commenter_0_2,2026-01-01T11:02:00+00:00,https://reddit.com/r/truespotify/comments/seed_post_0_best_/_/seed_comment_0_2_2,truespotify,9,0
seed_comment_0_2_3,comment,Comment on: Best way to reset Discover Weekly recommendations?,Yes! The 'Exclude from your taste profile' feature was a lifesaver for this exact reason. (Detail Iteration 1),commenter_0_3,2026-01-01T11:03:00+00:00,https://reddit.com/r/truespotify/comments/seed_post_0_best_/_/seed_comment_0_2_3,truespotify,6,0
seed_comment_0_2_4,comment,Comment on: Best way to reset Discover Weekly recommendations?,It takes about 2-3 weeks of normal listening to dilute the overnight data. (Detail Iteration 1),commenter_0_4,2026-01-01T11:04:00+00:00,https://reddit.com/r/truespotify/comments/seed_post_0_best_/_/seed_comment_0_2_4,truespotify,3,0
seed_post_0_the_s,post,The Spotify AI DJ repeats the exact same transition phrases (Discussion Part 1),I like the voice of Xavier but hearing 'Let's switch it up and look back at what you were listening to in 2021' every single time is driving me crazy. Anyone else? [Entry iteration 1],user_reddit_0_2,2026-01-01T10:00:00+00:00,https://reddit.com/r/spotify/comments/seed_post_0_the_s,spotify,210,7
seed_comment_0_3_0,comment,Comment on: The Spotify AI DJ repeats the exact same transition phrases,"Yeah, and it always plays the same 5 songs from that year too. (Detail Iteration 1)",commenter_0_0,2026-01-01T11:00:00+00:00,https://reddit.com/r/spotify/comments/seed_post_0_the_s/_/seed_comment_0_3_0,spotify,21,0
seed_comment_0_3_1,comment,Comment on: The Spotify AI DJ repeats the exact same transition phrases,I wish we could choose different voices. A British DJ voice would be awesome. (Detail Iteration 1),commenter_0_1,2026-01-01T11:01:00+00:00,https://reddit.com/r/spotify/comments/seed_post_0_the_s/_/seed_comment_0_3_1,spotify,18,0
seed_comment_0_3_2,comment,Comment on: The Spotify AI DJ repeats the exact same transition phrases,"It's not really AI, it's just a text-to-speech engine reading from a pre-determined script. (Detail Iteration 1)",commenter_0_2,2026-01-01T11:02:00+00:00,https://reddit.com/r/spotify/comments/seed_post_0_the_s/_/seed_comment_0_3_2,spotify,15,0
seed_comment_0_3_3,comment,Comment on: The Spotify AI DJ repeats the exact same transition phrases,I stopped using it. It is way too repetitive. (Detail Iteration 1),commenter_0_3,2026-01-01T11:03:00+00:00,https://reddit.com/r/spotify/comments/seed_post_0_the_s/_/seed_comment_0_3_3,spotify,12,0
seed_comment_0_3_4,comment,Comment on: The Spotify AI DJ repeats the exact same transition phrases,It needs a skip button for the speaking parts. (Detail Iteration 1),commenter_0_4,2026-01-01T11:04:00+00:00,https://reddit.com/r/spotify/comments/seed_post_0_the_s/_/seed_comment_0_3_4,spotify,9,0
seed_comment_0_3_5,comment,Comment on: The Spotify AI DJ repeats the exact same transition phrases,"Actually, I love the commentary. It feels like a real radio station. (Detail Iteration 1)",commenter_0_5,2026-01-01T11:05:00+00:00,https://reddit.com/r/spotify/comments/seed_post_0_the_s/_/seed_comment_0_3_5,spotify,6,0
seed_comment_0_3_6,comment,Comment on: The Spotify AI DJ repeats the exact same transition phrases,It kept playing tracks I explicitly skipped. The integration is half-baked. (Detail Iteration 1),commenter_0_6,2026-01-01T11:06:00+00:00,https://reddit.com/r/spotify/comments/seed_post_0_the_s/_/seed_comment_0_3_6,spotify,3,0
seed_post_0_spoti,post,Spotify's music discovery tools feel very weak compared to Apple Music (Discussion Part 1),I feel like Spotify keeps recommending the same bubble of music. Apple Music's Discovery Station actually introduces me to completely new genres and underground bands. [Entry iteration 1],user_reddit_0_3,2026-01-01T10:00:00+00:00,https://reddit.com/r/musicsuggestions/comments/seed_post_0_spoti,musicsuggestions,88,5
seed_comment_0_4_0,comment,Comment on: Spotify's music discovery tools feel very weak compared to Apple Music,Totally agree. Apple's algorithm is much less aggressive about keeping you in a safety bubble. (Detail Iteration 1),commenter_0_0,2026-01-01T11:00:00+00:00,https://reddit.com/r/musicsuggestions/comments/seed_post_0_spoti/_/seed_comment_0_4_0,musicsuggestions,15,0
seed_comment_0_4_1,comment,Comment on: Spotify's music discovery tools feel very weak compared to Apple Music,"I've had the opposite experience. Apple Music is too random, Spotify keeps me in my comfort zone. (Detail Iteration 1)",commenter_0_1,2026-01-01T11:01:00+00:00,https://reddit.com/r/musicsuggestions/comments/seed_post_0_spoti/_/seed_comment_0_4_1,musicsuggestions,12,0
seed_comment_0_4_2,comment,Comment on: Spotify's music discovery tools feel very weak compared to Apple Music,"If you want real discovery, use Bandcamp or search subreddits like this one instead of relying on algorithms. (Detail Iteration 1)",commenter_0_2,2026-01-01T11:02:00+00:00,https://reddit.com/r/musicsuggestions/comments/seed_post_0_spoti/_/seed_comment_0_4_2,musicsuggestions,9,0
seed_comment_0_4_3,comment,Comment on: Spotify's music discovery tools feel very weak compared to Apple Music,Release Radar is the only discovery playlist I check now. (Detail Iteration 1),commenter_0_3,2026-01-01T11:03:00+00:00,https://reddit.com/r/musicsuggestions/comments/seed_post_0_spoti/_/seed_comment_0_4_3,musicsuggestions,6,0
seed_comment_0_4_4,comment,Comment on: Spotify's music discovery tools feel very weak compared to Apple Music,Check out the 'Smart Shuffle' feature. It's actually decent for finding similar tracks. (Detail Iteration 1),commenter_0_4,2026-01-01T11:04:00+00:00,https://reddit.com/r/musicsuggestions/comments/seed_post_0_spoti/_/seed_comment_0_4_4,musicsuggestions,3,0
seed_post_0_stuck,post,Stuck in a recommendation loop. Spotify won't stop playing the same 20 songs (Discussion Part 1),"Whether I start radio from a track, play a Daily Mix, or use Smart Shuffle, it always loops back to the same 20 songs. I listen to thousands of tracks, why is this happening? [Entry iteration 1]",user_reddit_0_4,2026-01-01T10:00:00+00:00,https://reddit.com/r/spotify/comments/seed_post_0_stuck,spotify,315,5
seed_comment_0_5_0,comment,Comment on: Stuck in a recommendation loop. Spotify won't stop playing the same 20 songs,It's cached heavy rotation. The algorithm is optimized for retention and assumes you want familiarity. (Detail Iteration 1),commenter_0_0,2026-01-01T11:00:00+00:00,https://reddit.com/r/spotify/comments/seed_post_0_stuck/_/seed_comment_0_5_0,spotify,15,0
seed_comment_0_5_1,comment,Comment on: Stuck in a recommendation loop. Spotify won't stop playing the same 20 songs,Clear your app cache. Sometimes it resets the local playlist generation variables. (Detail Iteration 1),commenter_0_1,2026-01-01T11:01:00+00:00,https://reddit.com/r/spotify/comments/seed_post_0_stuck/_/seed_comment_0_5_1,spotify,12,0
seed_comment_0_5_2,comment,Comment on: Stuck in a recommendation loop. Spotify won't stop playing the same 20 songs,I started using Blend playlists with friends just to force some variety into my feed. (Detail Iteration 1),commenter_0_2,2026-01-01T11:02:00+00:00,https://reddit.com/r/spotify/comments/seed_post_0_stuck/_/seed_comment_0_5_2,spotify,9,0
seed_comment_0_5_3,comment,Comment on: Stuck in a recommendation loop. Spotify won't stop playing the same 20 songs,Smart Shuffle is the worst offender. It injects the same promoted tracks constantly. (Detail Iteration 1),commenter_0_3,2026-01-01T11:03:00+00:00,https://reddit.com/r/spotify/comments/seed_post_0_stuck/_/seed_comment_0_5_3,spotify,6,0
seed_comment_0_5_4,comment,Comment on: Stuck in a recommendation loop. Spotify won't stop playing the same 20 songs,This is why I've started migrating my playlists to Tidal. (Detail Iteration 1),commenter_0_4,2026-01-01T11:04:00+00:00,https://reddit.com/r/spotify/comments/seed_post_0_stuck/_/seed_comment_0_5_4,spotify,3,0
seed_post_1_disco,post,Discover Weekly has been repeating the same artists for 3 months (Discussion Part 2),"Every Monday I open my Discover Weekly hoping to find new indie artists, but Spotify just feeds me the same 5-6 artists I already have in my library or listened to last year. Is the algorithm stuck? [Entry iteration 2]",user_reddit_1_5,2026-02-02T10:00:00+00:00,https://reddit.com/r/spotify/comments/seed_post_1_disco,spotify,147,7
seed_comment_1_6_0,comment,Comment on: Discover Weekly has been repeating the same artists for 3 months,Same here! I listen to synthwave once and now my Discover Weekly is 90% synthwave for the last month. (Detail Iteration 2),commenter_1_0,2026-02-02T11:00:00+00:00,https://reddit.com/r/spotify/comments/seed_post_1_disco/_/seed_comment_1_6_0,spotify,22,0
seed_comment_1_6_1,comment,Comment on: Discover Weekly has been repeating the same artists for 3 months,"I found that if you block the artists you don't want, it forces the algorithm to find new ones. (Detail Iteration 2)",commenter_1_1,2026-02-02T11:01:00+00:00,https://reddit.com/r/spotify/comments/seed_post_1_disco/_/seed_comment_1_6_1,spotify,19,0
seed_comment_1_6_2,comment,Comment on: Discover Weekly has been repeating the same artists for 3 months,Discover Weekly used to be gold in 2018. Now it feels like a paid promotion playlist for major labels. (Detail Iteration 2),commenter_1_2,2026-02-02T11:02:00+00:00,https://reddit.com/r/spotify/comments/seed_post_1_disco/_/seed_comment_1_6_2,spotify,16,0
seed_comment_1_6_3,comment,Comment on: Discover Weekly has been repeating the same artists for 3 months,Try creating a clean secondary account. The recommendations there are much fresher. (Detail Iteration 2),commenter_1_3,2026-02-02T11:03:00+00:00,https://reddit.com/r/spotify/comments/seed_post_1_disco/_/seed_comment_1_6_3,spotify,13,0
seed_comment_1_6_4,comment,Comment on: Discover Weekly has been repeating the same artists for 3 months,It's because of their new 'Discovery Mode' where labels accept lower royalties for placement. (Detail Iteration 2),commenter_1_4,2026-02-02T11:04:00+00:00,https://reddit.com/r/spotify/comments/seed_post_1_disco/_/seed_comment_1_6_4,spotify,10,0
seed_comment_1_6_5,comment,Comment on: Discover Weekly has been repeating the same artists for 3 months,I skipped 15 tracks in a row today. Truly disappointing. (Detail Iteration 2),commenter_1_5,2026-02-02T11:05:00+00:00,https://reddit.com/r/spotify/comments/seed_post_1_disco/_/seed_comment_1_6_5,spotify,7,0
seed_comment_1_6_6,comment,Comment on: Discover Weekly has been repeating the same artists for 3 months,"I listen to jazz and classical, but got recommended Drake. Make it make sense. (Detail Iteration 2)",commenter_1_6,2026-02-02T11:06:00+00:00,https://reddit.com/r/spotify/comments/seed_post_1_disco/_/seed_comment_1_6_6,spotify,4,0
seed_post_1_best_,post,Best way to reset Discover Weekly recommendations? (Discussion Part 2),My playlist is completely ruined because I left a lo-fi playlist running overnight to sleep. How do I get it back to my actual music taste? [Entry iteration 2],user_reddit_1_6,2026-02-02T10:00:00+00:00,https://reddit.com/r/truespotify/comments/seed_post_1_best_,truespotify,100,5
seed_comment_1_7_0,comment,Comment on: Best way to reset Discover Weekly recommendations?,Turn on 'Private Session' before playing sleep playlists. It prevents it from affecting your recommendations. (Detail Iteration 2),commenter_1_0,2026-02-02T11:00:00+00:00,https://reddit.com/r/truespotify/comments/seed_post_1_best_/_/seed_comment_1_7_0,truespotify,16,0
seed_comment_1_7_1,comment,Comment on: Best way to reset Discover Weekly recommendations?,There's no reset button. You just have to actively search and play your normal music for a few weeks. (Detail Iteration 2),commenter_1_1,2026-02-02T11:01:00+00:00,https://reddit.com/r/truespotify/comments/seed_post_1_best_/_/seed_comment_1_7_1,truespotify,13,0
seed_comment_1_7_2,comment,Comment on: Best way to reset Discover Weekly recommendations?,Exclude the sleep playlist from your taste profile! There is an option in the playlist settings. (Detail Iteration 2),commenter_1_2,2026-02-02T11:02:00+00:00,https://reddit.com/r/truespotify/comments/seed_post_1_best_/_/seed_comment_1_7_2,truespotify,10,0
seed_comment_1_7_3,comment,Comment on: Best way to reset Discover Weekly recommendations?,Yes! The 'Exclude from your taste profile' feature was a lifesaver for this exact reason. (Detail Iteration 2),commenter_1_3,2026-02-02T11:03:00+00:00,https://reddit.com/r/truespotify/comments/seed_post_1_best_/_/seed_comment_1_7_3,truespotify,7,0
seed_comment_1_7_4,comment,Comment on: Best way to reset Discover Weekly recommendations?,It takes about 2-3 weeks of normal listening to dilute the overnight data. (Detail Iteration 2),commenter_1_4,2026-02-02T11:04:00+00:00,https://reddit.com/r/truespotify/comments/seed_post_1_best_/_/seed_comment_1_7_4,truespotify,4,0
seed_post_1_the_s,post,The Spotify AI DJ repeats the exact same transition phrases (Discussion Part 2),I like the voice of Xavier but hearing 'Let's switch it up and look back at what you were listening to in 2021' every single time is driving me crazy. Anyone else? [Entry iteration 2],user_reddit_1_7,2026-02-02T10:00:00+00:00,https://reddit.com/r/spotify/comments/seed_post_1_the_s,spotify,215,7
seed_comment_1_8_0,comment,Comment on: The Spotify AI DJ repeats the exact same transition phrases,"Yeah, and it always plays the same 5 songs from that year too. (Detail Iteration 2)",commenter_1_0,2026-02-02T11:00:00+00:00,https://reddit.com/r/spotify/comments/seed_post_1_the_s/_/seed_comment_1_8_0,spotify,22,0
seed_comment_1_8_1,comment,Comment on: The Spotify AI DJ repeats the exact same transition phrases,I wish we could choose different voices. A British DJ voice would be awesome. (Detail Iteration 2),commenter_1_1,2026-02-02T11:01:00+00:00,https://reddit.com/r/spotify/comments/seed_post_1_the_s/_/seed_comment_1_8_1,spotify,19,0
seed_comment_1_8_2,comment,Comment on: The Spotify AI DJ repeats the exact same transition phrases,"It's not really AI, it's just a text-to-speech engine reading from a pre-determined script. (Detail Iteration 2)",commenter_1_2,2026-02-02T11:02:00+00:00,https://reddit.com/r/spotify/comments/seed_post_1_the_s/_/seed_comment_1_8_2,spotify,16,0
seed_comment_1_8_3,comment,Comment on: The Spotify AI DJ repeats the exact same transition phrases,I stopped using it. It is way too repetitive. (Detail Iteration 2),commenter_1_3,2026-02-02T11:03:00+00:00,https://reddit.com/r/spotify/comments/seed_post_1_the_s/_/seed_comment_1_8_3,spotify,13,0
seed_comment_1_8_4,comment,Comment on: The Spotify AI DJ repeats the exact same transition phrases,It needs a skip button for the speaking parts. (Detail Iteration 2),commenter_1_4,2026-02-02T11:04:00+00:00,https://reddit.com/r/spotify/comments/seed_post_1_the_s/_/seed_comment_1_8_4,spotify,10,0
seed_comment_1_8_5,comment,Comment on: The Spotify AI DJ repeats the exact same transition phrases,"Actually, I love the commentary. It feels like a real radio station. (Detail Iteration 2)",commenter_1_5,2026-02-02T11:05:00+00:00,https://reddit.com/r/spotify/comments/seed_post_1_the_s/_/seed_comment_1_8_5,spotify,7,0
seed_comment_1_8_6,comment,Comment on: The Spotify AI DJ repeats the exact same transition phrases,It kept playing tracks I explicitly skipped. The integration is half-baked. (Detail Iteration 2),commenter_1_6,2026-02-02T11:06:00+00:00,https://reddit.com/r/spotify/comments/seed_post_1_the_s/_/seed_comment_1_8_6,spotify,4,0
seed_post_1_spoti,post,Spotify's music discovery tools feel very weak compared to Apple Music (Discussion Part 2),I feel like Spotify keeps recommending the same bubble of music. Apple Music's Discovery Station actually introduces me to completely new genres and underground bands. [Entry iteration 2],user_reddit_1_8,2026-02-02T10:00:00+00:00,https://reddit.com/r/musicsuggestions/comments/seed_post_1_spoti,musicsuggestions,93,5
seed_comment_1_9_0,comment,Comment on: Spotify's music discovery tools feel very weak compared to Apple Music,Totally agree. Apple's algorithm is much less aggressive about keeping you in a safety bubble. (Detail Iteration 2),commenter_1_0,2026-02-02T11:00:00+00:00,https://reddit.com/r/musicsuggestions/comments/seed_post_1_spoti/_/seed_comment_1_9_0,musicsuggestions,16,0
seed_comment_1_9_1,comment,Comment on: Spotify's music discovery tools feel very weak compared to Apple Music,"I've had the opposite experience. Apple Music is too random, Spotify keeps me in my comfort zone. (Detail Iteration 2)",commenter_1_1,2026-02-02T11:01:00+00:00,https://reddit.com/r/musicsuggestions/comments/seed_post_1_spoti/_/seed_comment_1_9_1,musicsuggestions,13,0
seed_comment_1_9_2,comment,Comment on: Spotify's music discovery tools feel very weak compared to Apple Music,"If you want real discovery, use Bandcamp or search subreddits like this one instead of relying on algorithms. (Detail Iteration 2)",commenter_1_2,2026-02-02T11:02:00+00:00,https://reddit.com/r/musicsuggestions/comments/seed_post_1_spoti/_/seed_comment_1_9_2,musicsuggestions,10,0
seed_comment_1_9_3,comment,Comment on: Spotify's music discovery tools feel very weak compared to Apple Music,Release Radar is the only discovery playlist I check now. (Detail Iteration 2),commenter_1_3,2026-02-02T11:03:00+00:00,https://reddit.com/r/musicsuggestions/comments/seed_post_1_spoti/_/seed_comment_1_9_3,musicsuggestions,7,0
seed_comment_1_9_4,comment,Comment on: Spotify's music discovery tools feel very weak compared to Apple Music,Check out the 'Smart Shuffle' feature. It's actually decent for finding similar tracks. (Detail Iteration 2),commenter_1_4,2026-02-02T11:04:00+00:00,https://reddit.com/r/musicsuggestions/comments/seed_post_1_spoti/_/seed_comment_1_9_4,musicsuggestions,4,0
seed_post_1_stuck,post,Stuck in a recommendation loop. Spotify won't stop playing the same 20 songs (Discussion Part 2),"Whether I start radio from a track, play a Daily Mix, or use Smart Shuffle, it always loops back to the same 20 songs. I listen to thousands of tracks, why is this happening? [Entry iteration 2]",user_reddit_1_9,2026-02-02T10:00:00+00:00,https://reddit.com/r/spotify/comments/seed_post_1_stuck,spotify,320,5
seed_comment_1_10_0,comment,Comment on: Stuck in a recommendation loop. Spotify won't stop playing the same 20 songs,It's cached heavy rotation. The algorithm is optimized for retention and assumes you want familiarity. (Detail Iteration 2),commenter_1_0,2026-02-02T11:00:00+00:00,https://reddit.com/r/spotify/comments/seed_post_1_stuck/_/seed_comment_1_10_0,spotify,16,0
seed_comment_1_10_1,comment,Comment on: Stuck in a recommendation loop. Spotify won't stop playing the same 20 songs,Clear your app cache. Sometimes it resets the local playlist generation variables. (Detail Iteration 2),commenter_1_1,2026-02-02T11:01:00+00:00,https://reddit.com/r/spotify/comments/seed_post_1_stuck/_/seed_comment_1_10_1,spotify,13,0
seed_comment_1_10_2,comment,Comment on: Stuck in a recommendation loop. Spotify won't stop playing the same 20 songs,I started using Blend playlists with friends just to force some variety into my feed. (Detail Iteration 2),commenter_1_2,2026-02-02T11:02:00+00:00,https://reddit.com/r/spotify/comments/seed_post_1_stuck/_/seed_comment_1_10_2,spotify,10,0
seed_comment_1_10_3,comment,Comment on: Stuck in a recommendation loop. Spotify won't stop playing the same 20 songs,Smart Shuffle is the worst offender. It injects the same promoted tracks constantly. (Detail Iteration 2),commenter_1_3,2026-02-02T11:03:00+00:00,https://reddit.com/r/spotify/comments/seed_post_1_stuck/_/seed_comment_1_10_3,spotify,7,0
seed_comment_1_10_4,comment,Comment on: Stuck in a recommendation loop. Spotify won't stop playing the same 20 songs,This is why I've started migrating my playlists to Tidal. (Detail Iteration 2),commenter_1_4,2026-02-02T11:04:00+00:00,https://reddit.com/r/spotify/comments/seed_post_1_stuck/_/seed_comment_1_10_4,spotify,4,0
seed_post_2_disco,post,Discover Weekly has been repeating the same artists for 3 months (Discussion Part 3),"Every Monday I open my Discover Weekly hoping to find new indie artists, but Spotify just feeds me the same 5-6 artists I already have in my library or listened to last year. Is the algorithm stuck? [Entry iteration 3]",user_reddit_2_10,2026-03-03T10:00:00+00:00,https://reddit.com/r/spotify/comments/seed_post_2_disco,spotify,152,7
seed_comment_2_11_0,comment,Comment on: Discover Weekly has been repeating the same artists for 3 months,Same here! I listen to synthwave once and now my Discover Weekly is 90% synthwave for the last month. (Detail Iteration 3),commenter_2_0,2026-03-03T11:00:00+00:00,https://reddit.com/r/spotify/comments/seed_post_2_disco/_/seed_comment_2_11_0,spotify,23,0
seed_comment_2_11_1,comment,Comment on: Discover Weekly has been repeating the same artists for 3 months,"I found that if you block the artists you don't want, it forces the algorithm to find new ones. (Detail Iteration 3)",commenter_2_1,2026-03-03T11:01:00+00:00,https://reddit.com/r/spotify/comments/seed_post_2_disco/_/seed_comment_2_11_1,spotify,20,0
seed_comment_2_11_2,comment,Comment on: Discover Weekly has been repeating the same artists for 3 months,Discover Weekly used to be gold in 2018. Now it feels like a paid promotion playlist for major labels. (Detail Iteration 3),commenter_2_2,2026-03-03T11:02:00+00:00,https://reddit.com/r/spotify/comments/seed_post_2_disco/_/seed_comment_2_11_2,spotify,17,0
seed_comment_2_11_3,comment,Comment on: Discover Weekly has been repeating the same artists for 3 months,Try creating a clean secondary account. The recommendations there are much fresher. (Detail Iteration 3),commenter_2_3,2026-03-03T11:03:00+00:00,https://reddit.com/r/spotify/comments/seed_post_2_disco/_/seed_comment_2_11_3,spotify,14,0
seed_comment_2_11_4,comment,Comment on: Discover Weekly has been repeating the same artists for 3 months,It's because of their new 'Discovery Mode' where labels accept lower royalties for placement. (Detail Iteration 3),commenter_2_4,2026-03-03T11:04:00+00:00,https://reddit.com/r/spotify/comments/seed_post_2_disco/_/seed_comment_2_11_4,spotify,11,0
seed_comment_2_11_5,comment,Comment on: Discover Weekly has been repeating the same artists for 3 months,I skipped 15 tracks in a row today. Truly disappointing. (Detail Iteration 3),commenter_2_5,2026-03-03T11:05:00+00:00,https://reddit.com/r/spotify/comments/seed_post_2_disco/_/seed_comment_2_11_5,spotify,8,0
seed_comment_2_11_6,comment,Comment on: Discover Weekly has been repeating the same artists for 3 months,"I listen to jazz and classical, but got recommended Drake. Make it make sense. (Detail Iteration 3)",commenter_2_6,2026-03-03T11:06:00+00:00,https://reddit.com/r/spotify/comments/seed_post_2_disco/_/seed_comment_2_11_6,spotify,5,0
seed_post_2_best_,post,Best way to reset Discover Weekly recommendations? (Discussion Part 3),My playlist is completely ruined because I left a lo-fi playlist running overnight to sleep. How do I get it back to my actual music taste? [Entry iteration 3],user_reddit_2_11,2026-03-03T10:00:00+00:00,https://reddit.com/r/truespotify/comments/seed_post_2_best_,truespotify,105,5
seed_comment_2_12_0,comment,Comment on: Best way to reset Discover Weekly recommendations?,Turn on 'Private Session' before playing sleep playlists. It prevents it from affecting your recommendations. (Detail Iteration 3),commenter_2_0,2026-03-03T11:00:00+00:00,https://reddit.com/r/truespotify/comments/seed_post_2_best_/_/seed_comment_2_12_0,truespotify,17,0
seed_comment_2_12_1,comment,Comment on: Best way to reset Discover Weekly recommendations?,There's no reset button. You just have to actively search and play your normal music for a few weeks. (Detail Iteration 3),commenter_2_1,2026-03-03T11:01:00+00:00,https://reddit.com/r/truespotify/comments/seed_post_2_best_/_/seed_comment_2_12_1,truespotify,14,0
seed_comment_2_12_2,comment,Comment on: Best way to reset Discover Weekly recommendations?,Exclude the sleep playlist from your taste profile! There is an option in the playlist settings. (Detail Iteration 3),commenter_2_2,2026-03-03T11:02:00+00:00,https://reddit.com/r/truespotify/comments/seed_post_2_best_/_/seed_comment_2_12_2,truespotify,11,0
seed_comment_2_12_3,comment,Comment on: Best way to reset Discover Weekly recommendations?,Yes! The 'Exclude from your taste profile' feature was a lifesaver for this exact reason. (Detail Iteration 3),commenter_2_3,2026-03-03T11:03:00+00:00,https://reddit.com/r/truespotify/comments/seed_post_2_best_/_/seed_comment_2_12_3,truespotify,8,0
seed_comment_2_12_4,comment,Comment on: Best way to reset Discover Weekly recommendations?,It takes about 2-3 weeks of normal listening to dilute the overnight data. (Detail Iteration 3),commenter_2_4,2026-03-03T11:04:00+00:00,https://reddit.com/r/truespotify/comments/seed_post_2_best_/_/seed_comment_2_12_4,truespotify,5,0
seed_post_2_the_s,post,The Spotify AI DJ repeats the exact same transition phrases (Discussion Part 3),I like the voice of Xavier but hearing 'Let's switch it up and look back at what you were listening to in 2021' every single time is driving me crazy. Anyone else? [Entry iteration 3],user_reddit_2_12,2026-03-03T10:00:00+00:00,https://reddit.com/r/spotify/comments/seed_post_2_the_s,spotify,220,7
seed_comment_2_13_0,comment,Comment on: The Spotify AI DJ repeats the exact same transition phrases,"Yeah, and it always plays the same 5 songs from that year too. (Detail Iteration 3)",commenter_2_0,2026-03-03T11:00:00+00:00,https://reddit.com/r/spotify/comments/seed_post_2_the_s/_/seed_comment_2_13_0,spotify,23,0
seed_comment_2_13_1,comment,Comment on: The Spotify AI DJ repeats the exact same transition phrases,I wish we could choose different voices. A British DJ voice would be awesome. (Detail Iteration 3),commenter_2_1,2026-03-03T11:01:00+00:00,https://reddit.com/r/spotify/comments/seed_post_2_the_s/_/seed_comment_2_13_1,spotify,20,0
seed_comment_2_13_2,comment,Comment on: The Spotify AI DJ repeats the exact same transition phrases,"It's not really AI, it's just a text-to-speech engine reading from a pre-determined script. (Detail Iteration 3)",commenter_2_2,2026-03-03T11:02:00+00:00,https://reddit.com/r/spotify/comments/seed_post_2_the_s/_/seed_comment_2_13_2,spotify,17,0
seed_comment_2_13_3,comment,Comment on: The Spotify AI DJ repeats the exact same transition phrases,I stopped using it. It is way too repetitive. (Detail Iteration 3),commenter_2_3,2026-03-03T11:03:00+00:00,https://reddit.com/r/spotify/comments/seed_post_2_the_s/_/seed_comment_2_13_3,spotify,14,0
seed_comment_2_13_4,comment,Comment on: The Spotify AI DJ repeats the exact same transition phrases,It needs a skip button for the speaking parts. (Detail Iteration 3),commenter_2_4,2026-03-03T11:04:00+00:00,https://reddit.com/r/spotify/comments/seed_post_2_the_s/_/seed_comment_2_13_4,spotify,11,0
seed_comment_2_13_5,comment,Comment on: The Spotify AI DJ repeats the exact same transition phrases,"Actually, I love the commentary. It feels like a real radio station. (Detail Iteration 3)",commenter_2_5,2026-03-03T11:05:00+00:00,https://reddit.com/r/spotify/comments/seed_post_2_the_s/_/seed_comment_2_13_5,spotify,8,0
seed_comment_2_13_6,comment,Comment on: The Spotify AI DJ repeats the exact same transition phrases,It kept playing tracks I explicitly skipped. The integration is half-baked. (Detail Iteration 3),commenter_2_6,2026-03-03T11:06:00+00:00,https://reddit.com/r/spotify/comments/seed_post_2_the_s/_/seed_comment_2_13_6,spotify,5,0
seed_post_2_spoti,post,Spotify's music discovery tools feel very weak compared to Apple Music (Discussion Part 3),I feel like Spotify keeps recommending the same bubble of music. Apple Music's Discovery Station actually introduces me to completely new genres and underground bands. [Entry iteration 3],user_reddit_2_13,2026-03-03T10:00:00+00:00,https://reddit.com/r/musicsuggestions/comments/seed_post_2_spoti,musicsuggestions,98,5
seed_comment_2_14_0,comment,Comment on: Spotify's music discovery tools feel very weak compared to Apple Music,Totally agree. Apple's algorithm is much less aggressive about keeping you in a safety bubble. (Detail Iteration 3),commenter_2_0,2026-03-03T11:00:00+00:00,https://reddit.com/r/musicsuggestions/comments/seed_post_2_spoti/_/seed_comment_2_14_0,musicsuggestions,17,0
seed_comment_2_14_1,comment,Comment on: Spotify's music discovery tools feel very weak compared to Apple Music,"I've had the opposite experience. Apple Music is too random, Spotify keeps me in my comfort zone. (Detail Iteration 3)",commenter_2_1,2026-03-03T11:01:00+00:00,https://reddit.com/r/musicsuggestions/comments/seed_post_2_spoti/_/seed_comment_2_14_1,musicsuggestions,14,0
seed_comment_2_14_2,comment,Comment on: Spotify's music discovery tools feel very weak compared to Apple Music,"If you want real discovery, use Bandcamp or search subreddits like this one instead of relying on algorithms. (Detail Iteration 3)",commenter_2_2,2026-03-03T11:02:00+00:00,https://reddit.com/r/musicsuggestions/comments/seed_post_2_spoti/_/seed_comment_2_14_2,musicsuggestions,11,0
seed_comment_2_14_3,comment,Comment on: Spotify's music discovery tools feel very weak compared to Apple Music,Release Radar is the only discovery playlist I check now. (Detail Iteration 3),commenter_2_3,2026-03-03T11:03:00+00:00,https://reddit.com/r/musicsuggestions/comments/seed_post_2_spoti/_/seed_comment_2_14_3,musicsuggestions,8,0
seed_comment_2_14_4,comment,Comment on: Spotify's music discovery tools feel very weak compared to Apple Music,Check out the 'Smart Shuffle' feature. It's actually decent for finding similar tracks. (Detail Iteration 3),commenter_2_4,2026-03-03T11:04:00+00:00,https://reddit.com/r/musicsuggestions/comments/seed_post_2_spoti/_/seed_comment_2_14_4,musicsuggestions,5,0
seed_post_2_stuck,post,Stuck in a recommendation loop. Spotify won't stop playing the same 20 songs (Discussion Part 3),"Whether I start radio from a track, play a Daily Mix, or use Smart Shuffle, it always loops back to the same 20 songs. I listen to thousands of tracks, why is this happening? [Entry iteration 3]",user_reddit_2_14,2026-03-03T10:00:00+00:00,https://reddit.com/r/spotify/comments/seed_post_2_stuck,spotify,325,5
seed_comment_2_15_0,comment,Comment on: Stuck in a recommendation loop. Spotify won't stop playing the same 20 songs,It's cached heavy rotation. The algorithm is optimized for retention and assumes you want familiarity. (Detail Iteration 3),commenter_2_0,2026-03-03T11:00:00+00:00,https://reddit.com/r/spotify/comments/seed_post_2_stuck/_/seed_comment_2_15_0,spotify,17,0
seed_comment_2_15_1,comment,Comment on: Stuck in a recommendation loop. Spotify won't stop playing the same 20 songs,Clear your app cache. Sometimes it resets the local playlist generation variables. (Detail Iteration 3),commenter_2_1,2026-03-03T11:01:00+00:00,https://reddit.com/r/spotify/comments/seed_post_2_stuck/_/seed_comment_2_15_1,spotify,14,0
seed_comment_2_15_2,comment,Comment on: Stuck in a recommendation loop. Spotify won't stop playing the same 20 songs,I started using Blend playlists with friends just to force some variety into my feed. (Detail Iteration 3),commenter_2_2,2026-03-03T11:02:00+00:00,https://reddit.com/r/spotify/comments/seed_post_2_stuck/_/seed_comment_2_15_2,spotify,11,0
seed_comment_2_15_3,comment,Comment on: Stuck in a recommendation loop. Spotify won't stop playing the same 20 songs,Smart Shuffle is the worst offender. It injects the same promoted tracks constantly. (Detail Iteration 3),commenter_2_3,2026-03-03T11:03:00+00:00,https://reddit.com/r/spotify/comments/seed_post_2_stuck/_/seed_comment_2_15_3,spotify,8,0
seed_comment_2_15_4,comment,Comment on: Stuck in a recommendation loop. Spotify won't stop playing the same 20 songs,This is why I've started migrating my playlists to Tidal. (Detail Iteration 3),commenter_2_4,2026-03-03T11:04:00+00:00,https://reddit.com/r/spotify/comments/seed_post_2_stuck/_/seed_comment_2_15_4,spotify,5,0
seed_post_3_disco,post,Discover Weekly has been repeating the same artists for 3 months (Discussion Part 4),"Every Monday I open my Discover Weekly hoping to find new indie artists, but Spotify just feeds me the same 5-6 artists I already have in my library or listened to last year. Is the algorithm stuck? [Entry iteration 4]",user_reddit_3_15,2026-04-04T10:00:00+00:00,https://reddit.com/r/spotify/comments/seed_post_3_disco,spotify,157,7
seed_comment_3_16_0,comment,Comment on: Discover Weekly has been repeating the same artists for 3 months,Same here! I listen to synthwave once and now my Discover Weekly is 90% synthwave for the last month. (Detail Iteration 4),commenter_3_0,2026-04-04T11:00:00+00:00,https://reddit.com/r/spotify/comments/seed_post_3_disco/_/seed_comment_3_16_0,spotify,24,0
seed_comment_3_16_1,comment,Comment on: Discover Weekly has been repeating the same artists for 3 months,"I found that if you block the artists you don't want, it forces the algorithm to find new ones. (Detail Iteration 4)",commenter_3_1,2026-04-04T11:01:00+00:00,https://reddit.com/r/spotify/comments/seed_post_3_disco/_/seed_comment_3_16_1,spotify,21,0
seed_comment_3_16_2,comment,Comment on: Discover Weekly has been repeating the same artists for 3 months,Discover Weekly used to be gold in 2018. Now it feels like a paid promotion playlist for major labels. (Detail Iteration 4),commenter_3_2,2026-04-04T11:02:00+00:00,https://reddit.com/r/spotify/comments/seed_post_3_disco/_/seed_comment_3_16_2,spotify,18,0
seed_comment_3_16_3,comment,Comment on: Discover Weekly has been repeating the same artists for 3 months,Try creating a clean secondary account. The recommendations there are much fresher. (Detail Iteration 4),commenter_3_3,2026-04-04T11:03:00+00:00,https://reddit.com/r/spotify/comments/seed_post_3_disco/_/seed_comment_3_16_3,spotify,15,0
seed_comment_3_16_4,comment,Comment on: Discover Weekly has been repeating the same artists for 3 months,It's because of their new 'Discovery Mode' where labels accept lower royalties for placement. (Detail Iteration 4),commenter_3_4,2026-04-04T11:04:00+00:00,https://reddit.com/r/spotify/comments/seed_post_3_disco/_/seed_comment_3_16_4,spotify,12,0
seed_comment_3_16_5,comment,Comment on: Discover Weekly has been repeating the same artists for 3 months,I skipped 15 tracks in a row today. Truly disappointing. (Detail Iteration 4),commenter_3_5,2026-04-04T11:05:00+00:00,https://reddit.com/r/spotify/comments/seed_post_3_disco/_/seed_comment_3_16_5,spotify,9,0
seed_comment_3_16_6,comment,Comment on: Discover Weekly has been repeating the same artists for 3 months,"I listen to jazz and classical, but got recommended Drake. Make it make sense. (Detail Iteration 4)",commenter_3_6,2026-04-04T11:06:00+00:00,https://reddit.com/r/spotify/comments/seed_post_3_disco/_/seed_comment_3_16_6,spotify,6,0
seed_post_3_best_,post,Best way to reset Discover Weekly recommendations? (Discussion Part 4),My playlist is completely ruined because I left a lo-fi playlist running overnight to sleep. How do I get it back to my actual music taste? [Entry iteration 4],user_reddit_3_16,2026-04-04T10:00:00+00:00,https://reddit.com/r/truespotify/comments/seed_post_3_best_,truespotify,110,5
seed_comment_3_17_0,comment,Comment on: Best way to reset Discover Weekly recommendations?,Turn on 'Private Session' before playing sleep playlists. It prevents it from affecting your recommendations. (Detail Iteration 4),commenter_3_0,2026-04-04T11:00:00+00:00,https://reddit.com/r/truespotify/comments/seed_post_3_best_/_/seed_comment_3_17_0,truespotify,18,0
seed_comment_3_17_1,comment,Comment on: Best way to reset Discover Weekly recommendations?,There's no reset button. You just have to actively search and play your normal music for a few weeks. (Detail Iteration 4),commenter_3_1,2026-04-04T11:01:00+00:00,https://reddit.com/r/truespotify/comments/seed_post_3_best_/_/seed_comment_3_17_1,truespotify,15,0
seed_comment_3_17_2,comment,Comment on: Best way to reset Discover Weekly recommendations?,Exclude the sleep playlist from your taste profile! There is an option in the playlist settings. (Detail Iteration 4),commenter_3_2,2026-04-04T11:02:00+00:00,https://reddit.com/r/truespotify/comments/seed_post_3_best_/_/seed_comment_3_17_2,truespotify,12,0
seed_comment_3_17_3,comment,Comment on: Best way to reset Discover Weekly recommendations?,Yes! The 'Exclude from your taste profile' feature was a lifesaver for this exact reason. (Detail Iteration 4),commenter_3_3,2026-04-04T11:03:00+00:00,https://reddit.com/r/truespotify/comments/seed_post_3_best_/_/seed_comment_3_17_3,truespotify,9,0
seed_comment_3_17_4,comment,Comment on: Best way to reset Discover Weekly recommendations?,It takes about 2-3 weeks of normal listening to dilute the overnight data. (Detail Iteration 4),commenter_3_4,2026-04-04T11:04:00+00:00,https://reddit.com/r/truespotify/comments/seed_post_3_best_/_/seed_comment_3_17_4,truespotify,6,0
seed_post_3_the_s,post,The Spotify AI DJ repeats the exact same transition phrases (Discussion Part 4),I like the voice of Xavier but hearing 'Let's switch it up and look back at what you were listening to in 2021' every single time is driving me crazy. Anyone else? [Entry iteration 4],user_reddit_3_17,2026-04-04T10:00:00+00:00,https://reddit.com/r/spotify/comments/seed_post_3_the_s,spotify,225,7
seed_comment_3_18_0,comment,Comment on: The Spotify AI DJ repeats the exact same transition phrases,"Yeah, and it always plays the same 5 songs from that year too. (Detail Iteration 4)",commenter_3_0,2026-04-04T11:00:00+00:00,https://reddit.com/r/spotify/comments/seed_post_3_the_s/_/seed_comment_3_18_0,spotify,24,0
seed_comment_3_18_1,comment,Comment on: The Spotify AI DJ repeats the exact same transition phrases,I wish we could choose different voices. A British DJ voice would be awesome. (Detail Iteration 4),commenter_3_1,2026-04-04T11:01:00+00:00,https://reddit.com/r/spotify/comments/seed_post_3_the_s/_/seed_comment_3_18_1,spotify,21,0
seed_comment_3_18_2,comment,Comment on: The Spotify AI DJ repeats the exact same transition phrases,"It's not really AI, it's just a text-to-speech engine reading from a pre-determined script. (Detail Iteration 4)",commenter_3_2,2026-04-04T11:02:00+00:00,https://reddit.com/r/spotify/comments/seed_post_3_the_s/_/seed_comment_3_18_2,spotify,18,0
seed_comment_3_18_3,comment,Comment on: The Spotify AI DJ repeats the exact same transition phrases,I stopped using it. It is way too repetitive. (Detail Iteration 4),commenter_3_3,2026-04-04T11:03:00+00:00,https://reddit.com/r/spotify/comments/seed_post_3_the_s/_/seed_comment_3_18_3,spotify,15,0
seed_comment_3_18_4,comment,Comment on: The Spotify AI DJ repeats the exact same transition phrases,It needs a skip button for the speaking parts. (Detail Iteration 4),commenter_3_4,2026-04-04T11:04:00+00:00,https://reddit.com/r/spotify/comments/seed_post_3_the_s/_/seed_comment_3_18_4,spotify,12,0
seed_comment_3_18_5,comment,Comment on: The Spotify AI DJ repeats the exact same transition phrases,"Actually, I love the commentary. It feels like a real radio station. (Detail Iteration 4)",commenter_3_5,2026-04-04T11:05:00+00:00,https://reddit.com/r/spotify/comments/seed_post_3_the_s/_/seed_comment_3_18_5,spotify,9,0
seed_comment_3_18_6,comment,Comment on: The Spotify AI DJ repeats the exact same transition phrases,It kept playing tracks I explicitly skipped. The integration is half-baked. (Detail Iteration 4),commenter_3_6,2026-04-04T11:06:00+00:00,https://reddit.com/r/spotify/comments/seed_post_3_the_s/_/seed_comment_3_18_6,spotify,6,0
seed_post_3_spoti,post,Spotify's music discovery tools feel very weak compared to Apple Music (Discussion Part 4),I feel like Spotify keeps recommending the same bubble of music. Apple Music's Discovery Station actually introduces me to completely new genres and underground bands. [Entry iteration 4],user_reddit_3_18,2026-04-04T10:00:00+00:00,https://reddit.com/r/musicsuggestions/comments/seed_post_3_spoti,musicsuggestions,103,5
seed_comment_3_19_0,comment,Comment on: Spotify's music discovery tools feel very weak compared to Apple Music,Totally agree. Apple's algorithm is much less aggressive about keeping you in a safety bubble. (Detail Iteration 4),commenter_3_0,2026-04-04T11:00:00+00:00,https://reddit.com/r/musicsuggestions/comments/seed_post_3_spoti/_/seed_comment_3_19_0,musicsuggestions,18,0
seed_comment_3_19_1,comment,Comment on: Spotify's music discovery tools feel very weak compared to Apple Music,"I've had the opposite experience. Apple Music is too random, Spotify keeps me in my comfort zone. (Detail Iteration 4)",commenter_3_1,2026-04-04T11:01:00+00:00,https://reddit.com/r/musicsuggestions/comments/seed_post_3_spoti/_/seed_comment_3_19_1,musicsuggestions,15,0
seed_comment_3_19_2,comment,Comment on: Spotify's music discovery tools feel very weak compared to Apple Music,"If you want real discovery, use Bandcamp or search subreddits like this one instead of relying on algorithms. (Detail Iteration 4)",commenter_3_2,2026-04-04T11:02:00+00:00,https://reddit.com/r/musicsuggestions/comments/seed_post_3_spoti/_/seed_comment_3_19_2,musicsuggestions,12,0
seed_comment_3_19_3,comment,Comment on: Spotify's music discovery tools feel very weak compared to Apple Music,Release Radar is the only discovery playlist I check now. (Detail Iteration 4),commenter_3_3,2026-04-04T11:03:00+00:00,https://reddit.com/r/musicsuggestions/comments/seed_post_3_spoti/_/seed_comment_3_19_3,musicsuggestions,9,0
seed_comment_3_19_4,comment,Comment on: Spotify's music discovery tools feel very weak compared to Apple Music,Check out the 'Smart Shuffle' feature. It's actually decent for finding similar tracks. (Detail Iteration 4),commenter_3_4,2026-04-04T11:04:00+00:00,https://reddit.com/r/musicsuggestions/comments/seed_post_3_spoti/_/seed_comment_3_19_4,musicsuggestions,6,0
seed_post_3_stuck,post,Stuck in a recommendation loop. Spotify won't stop playing the same 20 songs (Discussion Part 4),"Whether I start radio from a track, play a Daily Mix, or use Smart Shuffle, it always loops back to the same 20 songs. I listen to thousands of tracks, why is this happening? [Entry iteration 4]",user_reddit_3_19,2026-04-04T10:00:00+00:00,https://reddit.com/r/spotify/comments/seed_post_3_stuck,spotify,330,5
seed_comment_3_20_0,comment,Comment on: Stuck in a recommendation loop. Spotify won't stop playing the same 20 songs,It's cached heavy rotation. The algorithm is optimized for retention and assumes you want familiarity. (Detail Iteration 4),commenter_3_0,2026-04-04T11:00:00+00:00,https://reddit.com/r/spotify/comments/seed_post_3_stuck/_/seed_comment_3_20_0,spotify,18,0
seed_comment_3_20_1,comment,Comment on: Stuck in a recommendation loop. Spotify won't stop playing the same 20 songs,Clear your app cache. Sometimes it resets the local playlist generation variables. (Detail Iteration 4),commenter_3_1,2026-04-04T11:01:00+00:00,https://reddit.com/r/spotify/comments/seed_post_3_stuck/_/seed_comment_3_20_1,spotify,15,0
seed_comment_3_20_2,comment,Comment on: Stuck in a recommendation loop. Spotify won't stop playing the same 20 songs,I started using Blend playlists with friends just to force some variety into my feed. (Detail Iteration 4),commenter_3_2,2026-04-04T11:02:00+00:00,https://reddit.com/r/spotify/comments/seed_post_3_stuck/_/seed_comment_3_20_2,spotify,12,0
seed_comment_3_20_3,comment,Comment on: Stuck in a recommendation loop. Spotify won't stop playing the same 20 songs,Smart Shuffle is the worst offender. It injects the same promoted tracks constantly. (Detail Iteration 4),commenter_3_3,2026-04-04T11:03:00+00:00,https://reddit.com/r/spotify/comments/seed_post_3_stuck/_/seed_comment_3_20_3,spotify,9,0
seed_comment_3_20_4,comment,Comment on: Stuck in a recommendation loop. Spotify won't stop playing the same 20 songs,This is why I've started migrating my playlists to Tidal. (Detail Iteration 4),commenter_3_4,2026-04-04T11:04:00+00:00,https://reddit.com/r/spotify/comments/seed_post_3_stuck/_/seed_comment_3_20_4,spotify,6,0
seed_post_4_disco,post,Discover Weekly has been repeating the same artists for 3 months (Discussion Part 5),"Every Monday I open my Discover Weekly hoping to find new indie artists, but Spotify just feeds me the same 5-6 artists I already have in my library or listened to last year. Is the algorithm stuck? [Entry iteration 5]",user_reddit_4_20,2026-05-05T10:00:00+00:00,https://reddit.com/r/spotify/comments/seed_post_4_disco,spotify,162,7
seed_comment_4_21_0,comment,Comment on: Discover Weekly has been repeating the same artists for 3 months,Same here! I listen to synthwave once and now my Discover Weekly is 90% synthwave for the last month. (Detail Iteration 5),commenter_4_0,2026-05-05T11:00:00+00:00,https://reddit.com/r/spotify/comments/seed_post_4_disco/_/seed_comment_4_21_0,spotify,25,0
seed_comment_4_21_1,comment,Comment on: Discover Weekly has been repeating the same artists for 3 months,"I found that if you block the artists you don't want, it forces the algorithm to find new ones. (Detail Iteration 5)",commenter_4_1,2026-05-05T11:01:00+00:00,https://reddit.com/r/spotify/comments/seed_post_4_disco/_/seed_comment_4_21_1,spotify,22,0
seed_comment_4_21_2,comment,Comment on: Discover Weekly has been repeating the same artists for 3 months,Discover Weekly used to be gold in 2018. Now it feels like a paid promotion playlist for major labels. (Detail Iteration 5),commenter_4_2,2026-05-05T11:02:00+00:00,https://reddit.com/r/spotify/comments/seed_post_4_disco/_/seed_comment_4_21_2,spotify,19,0
seed_comment_4_21_3,comment,Comment on: Discover Weekly has been repeating the same artists for 3 months,Try creating a clean secondary account. The recommendations there are much fresher. (Detail Iteration 5),commenter_4_3,2026-05-05T11:03:00+00:00,https://reddit.com/r/spotify/comments/seed_post_4_disco/_/seed_comment_4_21_3,spotify,16,0
seed_comment_4_21_4,comment,Comment on: Discover Weekly has been repeating the same artists for 3 months,It's because of their new 'Discovery Mode' where labels accept lower royalties for placement. (Detail Iteration 5),commenter_4_4,2026-05-05T11:04:00+00:00,https://reddit.com/r/spotify/comments/seed_post_4_disco/_/seed_comment_4_21_4,spotify,13,0
seed_comment_4_21_5,comment,Comment on: Discover Weekly has been repeating the same artists for 3 months,I skipped 15 tracks in a row today. Truly disappointing. (Detail Iteration 5),commenter_4_5,2026-05-05T11:05:00+00:00,https://reddit.com/r/spotify/comments/seed_post_4_disco/_/seed_comment_4_21_5,spotify,10,0
seed_comment_4_21_6,comment,Comment on: Discover Weekly has been repeating the same artists for 3 months,"I listen to jazz and classical, but got recommended Drake. Make it make sense. (Detail Iteration 5)",commenter_4_6,2026-05-05T11:06:00+00:00,https://reddit.com/r/spotify/comments/seed_post_4_disco/_/seed_comment_4_21_6,spotify,7,0
seed_post_4_best_,post,Best way to reset Discover Weekly recommendations? (Discussion Part 5),My playlist is completely ruined because I left a lo-fi playlist running overnight to sleep. How do I get it back to my actual music taste? [Entry iteration 5],user_reddit_4_21,2026-05-05T10:00:00+00:00,https://reddit.com/r/truespotify/comments/seed_post_4_best_,truespotify,115,5
seed_comment_4_22_0,comment,Comment on: Best way to reset Discover Weekly recommendations?,Turn on 'Private Session' before playing sleep playlists. It prevents it from affecting your recommendations. (Detail Iteration 5),commenter_4_0,2026-05-05T11:00:00+00:00,https://reddit.com/r/truespotify/comments/seed_post_4_best_/_/seed_comment_4_22_0,truespotify,19,0
seed_comment_4_22_1,comment,Comment on: Best way to reset Discover Weekly recommendations?,There's no reset button. You just have to actively search and play your normal music for a few weeks. (Detail Iteration 5),commenter_4_1,2026-05-05T11:01:00+00:00,https://reddit.com/r/truespotify/comments/seed_post_4_best_/_/seed_comment_4_22_1,truespotify,16,0
seed_comment_4_22_2,comment,Comment on: Best way to reset Discover Weekly recommendations?,Exclude the sleep playlist from your taste profile! There is an option in the playlist settings. (Detail Iteration 5),commenter_4_2,2026-05-05T11:02:00+00:00,https://reddit.com/r/truespotify/comments/seed_post_4_best_/_/seed_comment_4_22_2,truespotify,13,0
seed_comment_4_22_3,comment,Comment on: Best way to reset Discover Weekly recommendations?,Yes! The 'Exclude from your taste profile' feature was a lifesaver for this exact reason. (Detail Iteration 5),commenter_4_3,2026-05-05T11:03:00+00:00,https://reddit.com/r/truespotify/comments/seed_post_4_best_/_/seed_comment_4_22_3,truespotify,10,0
seed_comment_4_22_4,comment,Comment on: Best way to reset Discover Weekly recommendations?,It takes about 2-3 weeks of normal listening to dilute the overnight data. (Detail Iteration 5),commenter_4_4,2026-05-05T11:04:00+00:00,https://reddit.com/r/truespotify/comments/seed_post_4_best_/_/seed_comment_4_22_4,truespotify,7,0
seed_post_4_the_s,post,The Spotify AI DJ repeats the exact same transition phrases (Discussion Part 5),I like the voice of Xavier but hearing 'Let's switch it up and look back at what you were listening to in 2021' every single time is driving me crazy. Anyone else? [Entry iteration 5],user_reddit_4_22,2026-05-05T10:00:00+00:00,https://reddit.com/r/spotify/comments/seed_post_4_the_s,spotify,230,7
seed_comment_4_23_0,comment,Comment on: The Spotify AI DJ repeats the exact same transition phrases,"Yeah, and it always plays the same 5 songs from that year too. (Detail Iteration 5)",commenter_4_0,2026-05-05T11:00:00+00:00,https://reddit.com/r/spotify/comments/seed_post_4_the_s/_/seed_comment_4_23_0,spotify,25,0
seed_comment_4_23_1,comment,Comment on: The Spotify AI DJ repeats the exact same transition phrases,I wish we could choose different voices. A British DJ voice would be awesome. (Detail Iteration 5),commenter_4_1,2026-05-05T11:01:00+00:00,https://reddit.com/r/spotify/comments/seed_post_4_the_s/_/seed_comment_4_23_1,spotify,22,0
seed_comment_4_23_2,comment,Comment on: The Spotify AI DJ repeats the exact same transition phrases,"It's not really AI, it's just a text-to-speech engine reading from a pre-determined script. (Detail Iteration 5)",commenter_4_2,2026-05-05T11:02:00+00:00,https://reddit.com/r/spotify/comments/seed_post_4_the_s/_/seed_comment_4_23_2,spotify,19,0
seed_comment_4_23_3,comment,Comment on: The Spotify AI DJ repeats the exact same transition phrases,I stopped using it. It is way too repetitive. (Detail Iteration 5),commenter_4_3,2026-05-05T11:03:00+00:00,https://reddit.com/r/spotify/comments/seed_post_4_the_s/_/seed_comment_4_23_3,spotify,16,0
seed_comment_4_23_4,comment,Comment on: The Spotify AI DJ repeats the exact same transition phrases,It needs a skip button for the speaking parts. (Detail Iteration 5),commenter_4_4,2026-05-05T11:04:00+00:00,https://reddit.com/r/spotify/comments/seed_post_4_the_s/_/seed_comment_4_23_4,spotify,13,0
seed_comment_4_23_5,comment,Comment on: The Spotify AI DJ repeats the exact same transition phrases,"Actually, I love the commentary. It feels like a real radio station. (Detail Iteration 5)",commenter_4_5,2026-05-05T11:05:00+00:00,https://reddit.com/r/spotify/comments/seed_post_4_the_s/_/seed_comment_4_23_5,spotify,10,0
seed_comment_4_23_6,comment,Comment on: The Spotify AI DJ repeats the exact same transition phrases,It kept playing tracks I explicitly skipped. The integration is half-baked. (Detail Iteration 5),commenter_4_6,2026-05-05T11:06:00+00:00,https://reddit.com/r/spotify/comments/seed_post_4_the_s/_/seed_comment_4_23_6,spotify,7,0
seed_post_4_spoti,post,Spotify's music discovery tools feel very weak compared to Apple Music (Discussion Part 5),I feel like Spotify keeps recommending the same bubble of music. Apple Music's Discovery Station actually introduces me to completely new genres and underground bands. [Entry iteration 5],user_reddit_4_23,2026-05-05T10:00:00+00:00,https://reddit.com/r/musicsuggestions/comments/seed_post_4_spoti,musicsuggestions,108,5
seed_comment_4_24_0,comment,Comment on: Spotify's music discovery tools feel very weak compared to Apple Music,Totally agree. Apple's algorithm is much less aggressive about keeping you in a safety bubble. (Detail Iteration 5),commenter_4_0,2026-05-05T11:00:00+00:00,https://reddit.com/r/musicsuggestions/comments/seed_post_4_spoti/_/seed_comment_4_24_0,musicsuggestions,19,0
seed_comment_4_24_1,comment,Comment on: Spotify's music discovery tools feel very weak compared to Apple Music,"I've had the opposite experience. Apple Music is too random, Spotify keeps me in my comfort zone. (Detail Iteration 5)",commenter_4_1,2026-05-05T11:01:00+00:00,https://reddit.com/r/musicsuggestions/comments/seed_post_4_spoti/_/seed_comment_4_24_1,musicsuggestions,16,0
seed_comment_4_24_2,comment,Comment on: Spotify's music discovery tools feel very weak compared to Apple Music,"If you want real discovery, use Bandcamp or search subreddits like this one instead of relying on algorithms. (Detail Iteration 5)",commenter_4_2,2026-05-05T11:02:00+00:00,https://reddit.com/r/musicsuggestions/comments/seed_post_4_spoti/_/seed_comment_4_24_2,musicsuggestions,13,0
seed_comment_4_24_3,comment,Comment on: Spotify's music discovery tools feel very weak compared to Apple Music,Release Radar is the only discovery playlist I check now. (Detail Iteration 5),commenter_4_3,2026-05-05T11:03:00+00:00,https://reddit.com/r/musicsuggestions/comments/seed_post_4_spoti/_/seed_comment_4_24_3,musicsuggestions,10,0
seed_comment_4_24_4,comment,Comment on: Spotify's music discovery tools feel very weak compared to Apple Music,Check out the 'Smart Shuffle' feature. It's actually decent for finding similar tracks. (Detail Iteration 5),commenter_4_4,2026-05-05T11:04:00+00:00,https://reddit.com/r/musicsuggestions/comments/seed_post_4_spoti/_/seed_comment_4_24_4,musicsuggestions,7,0
seed_post_4_stuck,post,Stuck in a recommendation loop. Spotify won't stop playing the same 20 songs (Discussion Part 5),"Whether I start radio from a track, play a Daily Mix, or use Smart Shuffle, it always loops back to the same 20 songs. I listen to thousands of tracks, why is this happening? [Entry iteration 5]",user_reddit_4_24,2026-05-05T10:00:00+00:00,https://reddit.com/r/spotify/comments/seed_post_4_stuck,spotify,335,5
seed_comment_4_25_0,comment,Comment on: Stuck in a recommendation loop. Spotify won't stop playing the same 20 songs,It's cached heavy rotation. The algorithm is optimized for retention and assumes you want familiarity. (Detail Iteration 5),commenter_4_0,2026-05-05T11:00:00+00:00,https://reddit.com/r/spotify/comments/seed_post_4_stuck/_/seed_comment_4_25_0,spotify,19,0
seed_comment_4_25_1,comment,Comment on: Stuck in a recommendation loop. Spotify won't stop playing the same 20 songs,Clear your app cache. Sometimes it resets the local playlist generation variables. (Detail Iteration 5),commenter_4_1,2026-05-05T11:01:00+00:00,https://reddit.com/r/spotify/comments/seed_post_4_stuck/_/seed_comment_4_25_1,spotify,16,0
seed_comment_4_25_2,comment,Comment on: Stuck in a recommendation loop. Spotify won't stop playing the same 20 songs,I started using Blend playlists with friends just to force some variety into my feed. (Detail Iteration 5),commenter_4_2,2026-05-05T11:02:00+00:00,https://reddit.com/r/spotify/comments/seed_post_4_stuck/_/seed_comment_4_25_2,spotify,13,0
seed_comment_4_25_3,comment,Comment on: Stuck in a recommendation loop. Spotify won't stop playing the same 20 songs,Smart Shuffle is the worst offender. It injects the same promoted tracks constantly. (Detail Iteration 5),commenter_4_3,2026-05-05T11:03:00+00:00,https://reddit.com/r/spotify/comments/seed_post_4_stuck/_/seed_comment_4_25_3,spotify,10,0
seed_comment_4_25_4,comment,Comment on: Stuck in a recommendation loop. Spotify won't stop playing the same 20 songs,This is why I've started migrating my playlists to Tidal. (Detail Iteration 5),commenter_4_4,2026-05-05T11:04:00+00:00,https://reddit.com/r/spotify/comments/seed_post_4_stuck/_/seed_comment_4_25_4,spotify,7,0
seed_post_5_disco,post,Discover Weekly has been repeating the same artists for 3 months (Discussion Part 6),"Every Monday I open my Discover Weekly hoping to find new indie artists, but Spotify just feeds me the same 5-6 artists I already have in my library or listened to last year. Is the algorithm stuck? [Entry iteration 6]",user_reddit_5_25,2026-06-06T10:00:00+00:00,https://reddit.com/r/spotify/comments/seed_post_5_disco,spotify,167,7
seed_comment_5_26_0,comment,Comment on: Discover Weekly has been repeating the same artists for 3 months,Same here! I listen to synthwave once and now my Discover Weekly is 90% synthwave for the last month. (Detail Iteration 6),commenter_5_0,2026-06-06T11:00:00+00:00,https://reddit.com/r/spotify/comments/seed_post_5_disco/_/seed_comment_5_26_0,spotify,26,0
seed_comment_5_26_1,comment,Comment on: Discover Weekly has been repeating the same artists for 3 months,"I found that if you block the artists you don't want, it forces the algorithm to find new ones. (Detail Iteration 6)",commenter_5_1,2026-06-06T11:01:00+00:00,https://reddit.com/r/spotify/comments/seed_post_5_disco/_/seed_comment_5_26_1,spotify,23,0
seed_comment_5_26_2,comment,Comment on: Discover Weekly has been repeating the same artists for 3 months,Discover Weekly used to be gold in 2018. Now it feels like a paid promotion playlist for major labels. (Detail Iteration 6),commenter_5_2,2026-06-06T11:02:00+00:00,https://reddit.com/r/spotify/comments/seed_post_5_disco/_/seed_comment_5_26_2,spotify,20,0
seed_comment_5_26_3,comment,Comment on: Discover Weekly has been repeating the same artists for 3 months,Try creating a clean secondary account. The recommendations there are much fresher. (Detail Iteration 6),commenter_5_3,2026-06-06T11:03:00+00:00,https://reddit.com/r/spotify/comments/seed_post_5_disco/_/seed_comment_5_26_3,spotify,17,0
seed_comment_5_26_4,comment,Comment on: Discover Weekly has been repeating the same artists for 3 months,It's because of their new 'Discovery Mode' where labels accept lower royalties for placement. (Detail Iteration 6),commenter_5_4,2026-06-06T11:04:00+00:00,https://reddit.com/r/spotify/comments/seed_post_5_disco/_/seed_comment_5_26_4,spotify,14,0
seed_comment_5_26_5,comment,Comment on: Discover Weekly has been repeating the same artists for 3 months,I skipped 15 tracks in a row today. Truly disappointing. (Detail Iteration 6),commenter_5_5,2026-06-06T11:05:00+00:00,https://reddit.com/r/spotify/comments/seed_post_5_disco/_/seed_comment_5_26_5,spotify,11,0
seed_comment_5_26_6,comment,Comment on: Discover Weekly has been repeating the same artists for 3 months,"I listen to jazz and classical, but got recommended Drake. Make it make sense. (Detail Iteration 6)",commenter_5_6,2026-06-06T11:06:00+00:00,https://reddit.com/r/spotify/comments/seed_post_5_disco/_/seed_comment_5_26_6,spotify,8,0
seed_post_5_best_,post,Best way to reset Discover Weekly recommendations? (Discussion Part 6),My playlist is completely ruined because I left a lo-fi playlist running overnight to sleep. How do I get it back to my actual music taste? [Entry iteration 6],user_reddit_5_26,2026-06-06T10:00:00+00:00,https://reddit.com/r/truespotify/comments/seed_post_5_best_,truespotify,120,5
seed_comment_5_27_0,comment,Comment on: Best way to reset Discover Weekly recommendations?,Turn on 'Private Session' before playing sleep playlists. It prevents it from affecting your recommendations. (Detail Iteration 6),commenter_5_0,2026-06-06T11:00:00+00:00,https://reddit.com/r/truespotify/comments/seed_post_5_best_/_/seed_comment_5_27_0,truespotify,20,0
seed_comment_5_27_1,comment,Comment on: Best way to reset Discover Weekly recommendations?,There's no reset button. You just have to actively search and play your normal music for a few weeks. (Detail Iteration 6),commenter_5_1,2026-06-06T11:01:00+00:00,https://reddit.com/r/truespotify/comments/seed_post_5_best_/_/seed_comment_5_27_1,truespotify,17,0
seed_comment_5_27_2,comment,Comment on: Best way to reset Discover Weekly recommendations?,Exclude the sleep playlist from your taste profile! There is an option in the playlist settings. (Detail Iteration 6),commenter_5_2,2026-06-06T11:02:00+00:00,https://reddit.com/r/truespotify/comments/seed_post_5_best_/_/seed_comment_5_27_2,truespotify,14,0
seed_comment_5_27_3,comment,Comment on: Best way to reset Discover Weekly recommendations?,Yes! The 'Exclude from your taste profile' feature was a lifesaver for this exact reason. (Detail Iteration 6),commenter_5_3,2026-06-06T11:03:00+00:00,https://reddit.com/r/truespotify/comments/seed_post_5_best_/_/seed_comment_5_27_3,truespotify,11,0
seed_comment_5_27_4,comment,Comment on: Best way to reset Discover Weekly recommendations?,It takes about 2-3 weeks of normal listening to dilute the overnight data. (Detail Iteration 6),commenter_5_4,2026-06-06T11:04:00+00:00,https://reddit.com/r/truespotify/comments/seed_post_5_best_/_/seed_comment_5_27_4,truespotify,8,0
seed_post_5_the_s,post,The Spotify AI DJ repeats the exact same transition phrases (Discussion Part 6),I like the voice of Xavier but hearing 'Let's switch it up and look back at what you were listening to in 2021' every single time is driving me crazy. Anyone else? [Entry iteration 6],user_reddit_5_27,2026-06-06T10:00:00+00:00,https://reddit.com/r/spotify/comments/seed_post_5_the_s,spotify,235,7
seed_comment_5_28_0,comment,Comment on: The Spotify AI DJ repeats the exact same transition phrases,"Yeah, and it always plays the same 5 songs from that year too. (Detail Iteration 6)",commenter_5_0,2026-06-06T11:00:00+00:00,https://reddit.com/r/spotify/comments/seed_post_5_the_s/_/seed_comment_5_28_0,spotify,26,0
seed_comment_5_28_1,comment,Comment on: The Spotify AI DJ repeats the exact same transition phrases,I wish we could choose different voices. A British DJ voice would be awesome. (Detail Iteration 6),commenter_5_1,2026-06-06T11:01:00+00:00,https://reddit.com/r/spotify/comments/seed_post_5_the_s/_/seed_comment_5_28_1,spotify,23,0
seed_comment_5_28_2,comment,Comment on: The Spotify AI DJ repeats the exact same transition phrases,"It's not really AI, it's just a text-to-speech engine reading from a pre-determined script. (Detail Iteration 6)",commenter_5_2,2026-06-06T11:02:00+00:00,https://reddit.com/r/spotify/comments/seed_post_5_the_s/_/seed_comment_5_28_2,spotify,20,0
seed_comment_5_28_3,comment,Comment on: The Spotify AI DJ repeats the exact same transition phrases,I stopped using it. It is way too repetitive. (Detail Iteration 6),commenter_5_3,2026-06-06T11:03:00+00:00,https://reddit.com/r/spotify/comments/seed_post_5_the_s/_/seed_comment_5_28_3,spotify,17,0
seed_comment_5_28_4,comment,Comment on: The Spotify AI DJ repeats the exact same transition phrases,It needs a skip button for the speaking parts. (Detail Iteration 6),commenter_5_4,2026-06-06T11:04:00+00:00,https://reddit.com/r/spotify/comments/seed_post_5_the_s/_/seed_comment_5_28_4,spotify,14,0
seed_comment_5_28_5,comment,Comment on: The Spotify AI DJ repeats the exact same transition phrases,"Actually, I love the commentary. It feels like a real radio station. (Detail Iteration 6)",commenter_5_5,2026-06-06T11:05:00+00:00,https://reddit.com/r/spotify/comments/seed_post_5_the_s/_/seed_comment_5_28_5,spotify,11,0
seed_comment_5_28_6,comment,Comment on: The Spotify AI DJ repeats the exact same transition phrases,It kept playing tracks I explicitly skipped. The integration is half-baked. (Detail Iteration 6),commenter_5_6,2026-06-06T11:06:00+00:00,https://reddit.com/r/spotify/comments/seed_post_5_the_s/_/seed_comment_5_28_6,spotify,8,0
seed_post_5_spoti,post,Spotify's music discovery tools feel very weak compared to Apple Music (Discussion Part 6),I feel like Spotify keeps recommending the same bubble of music. Apple Music's Discovery Station actually introduces me to completely new genres and underground bands. [Entry iteration 6],user_reddit_5_28,2026-06-06T10:00:00+00:00,https://reddit.com/r/musicsuggestions/comments/seed_post_5_spoti,musicsuggestions,113,5
seed_comment_5_29_0,comment,Comment on: Spotify's music discovery tools feel very weak compared to Apple Music,Totally agree. Apple's algorithm is much less aggressive about keeping you in a safety bubble. (Detail Iteration 6),commenter_5_0,2026-06-06T11:00:00+00:00,https://reddit.com/r/musicsuggestions/comments/seed_post_5_spoti/_/seed_comment_5_29_0,musicsuggestions,20,0
seed_comment_5_29_1,comment,Comment on: Spotify's music discovery tools feel very weak compared to Apple Music,"I've had the opposite experience. Apple Music is too random, Spotify keeps me in my comfort zone. (Detail Iteration 6)",commenter_5_1,2026-06-06T11:01:00+00:00,https://reddit.com/r/musicsuggestions/comments/seed_post_5_spoti/_/seed_comment_5_29_1,musicsuggestions,17,0
seed_comment_5_29_2,comment,Comment on: Spotify's music discovery tools feel very weak compared to Apple Music,"If you want real discovery, use Bandcamp or search subreddits like this one instead of relying on algorithms. (Detail Iteration 6)",commenter_5_2,2026-06-06T11:02:00+00:00,https://reddit.com/r/musicsuggestions/comments/seed_post_5_spoti/_/seed_comment_5_29_2,musicsuggestions,14,0
seed_comment_5_29_3,comment,Comment on: Spotify's music discovery tools feel very weak compared to Apple Music,Release Radar is the only discovery playlist I check now. (Detail Iteration 6),commenter_5_3,2026-06-06T11:03:00+00:00,https://reddit.com/r/musicsuggestions/comments/seed_post_5_spoti/_/seed_comment_5_29_3,musicsuggestions,11,0
seed_comment_5_29_4,comment,Comment on: Spotify's music discovery tools feel very weak compared to Apple Music,Check out the 'Smart Shuffle' feature. It's actually decent for finding similar tracks. (Detail Iteration 6),commenter_5_4,2026-06-06T11:04:00+00:00,https://reddit.com/r/musicsuggestions/comments/seed_post_5_spoti/_/seed_comment_5_29_4,musicsuggestions,8,0
seed_post_5_stuck,post,Stuck in a recommendation loop. Spotify won't stop playing the same 20 songs (Discussion Part 6),"Whether I start radio from a track, play a Daily Mix, or use Smart Shuffle, it always loops back to the same 20 songs. I listen to thousands of tracks, why is this happening? [Entry iteration 6]",user_reddit_5_29,2026-06-06T10:00:00+00:00,https://reddit.com/r/spotify/comments/seed_post_5_stuck,spotify,340,5
seed_comment_5_30_0,comment,Comment on: Stuck in a recommendation loop. Spotify won't stop playing the same 20 songs,It's cached heavy rotation. The algorithm is optimized for retention and assumes you want familiarity. (Detail Iteration 6),commenter_5_0,2026-06-06T11:00:00+00:00,https://reddit.com/r/spotify/comments/seed_post_5_stuck/_/seed_comment_5_30_0,spotify,20,0
seed_comment_5_30_1,comment,Comment on: Stuck in a recommendation loop. Spotify won't stop playing the same 20 songs,Clear your app cache. Sometimes it resets the local playlist generation variables. (Detail Iteration 6),commenter_5_1,2026-06-06T11:01:00+00:00,https://reddit.com/r/spotify/comments/seed_post_5_stuck/_/seed_comment_5_30_1,spotify,17,0
seed_comment_5_30_2,comment,Comment on: Stuck in a recommendation loop. Spotify won't stop playing the same 20 songs,I started using Blend playlists with friends just to force some variety into my feed. (Detail Iteration 6),commenter_5_2,2026-06-06T11:02:00+00:00,https://reddit.com/r/spotify/comments/seed_post_5_stuck/_/seed_comment_5_30_2,spotify,14,0
seed_comment_5_30_3,comment,Comment on: Stuck in a recommendation loop. Spotify won't stop playing the same 20 songs,Smart Shuffle is the worst offender. It injects the same promoted tracks constantly. (Detail Iteration 6),commenter_5_3,2026-06-06T11:03:00+00:00,https://reddit.com/r/spotify/comments/seed_post_5_stuck/_/seed_comment_5_30_3,spotify,11,0
seed_comment_5_30_4,comment,Comment on: Stuck in a recommendation loop. Spotify won't stop playing the same 20 songs,This is why I've started migrating my playlists to Tidal. (Detail Iteration 6),commenter_5_4,2026-06-06T11:04:00+00:00,https://reddit.com/r/spotify/comments/seed_post_5_stuck/_/seed_comment_5_30_4,spotify,8,0
seed_post_6_disco,post,Discover Weekly has been repeating the same artists for 3 months (Discussion Part 7),"Every Monday I open my Discover Weekly hoping to find new indie artists, but Spotify just feeds me the same 5-6 artists I already have in my library or listened to last year. Is the algorithm stuck? [Entry iteration 7]",user_reddit_6_30,2026-01-07T10:00:00+00:00,https://reddit.com/r/spotify/comments/seed_post_6_disco,spotify,172,7
seed_comment_6_31_0,comment,Comment on: Discover Weekly has been repeating the same artists for 3 months,Same here! I listen to synthwave once and now my Discover Weekly is 90% synthwave for the last month. (Detail Iteration 7),commenter_6_0,2026-01-07T11:00:00+00:00,https://reddit.com/r/spotify/comments/seed_post_6_disco/_/seed_comment_6_31_0,spotify,27,0
seed_comment_6_31_1,comment,Comment on: Discover Weekly has been repeating the same artists for 3 months,"I found that if you block the artists you don't want, it forces the algorithm to find new ones. (Detail Iteration 7)",commenter_6_1,2026-01-07T11:01:00+00:00,https://reddit.com/r/spotify/comments/seed_post_6_disco/_/seed_comment_6_31_1,spotify,24,0
seed_comment_6_31_2,comment,Comment on: Discover Weekly has been repeating the same artists for 3 months,Discover Weekly used to be gold in 2018. Now it feels like a paid promotion playlist for major labels. (Detail Iteration 7),commenter_6_2,2026-01-07T11:02:00+00:00,https://reddit.com/r/spotify/comments/seed_post_6_disco/_/seed_comment_6_31_2,spotify,21,0
seed_comment_6_31_3,comment,Comment on: Discover Weekly has been repeating the same artists for 3 months,Try creating a clean secondary account. The recommendations there are much fresher. (Detail Iteration 7),commenter_6_3,2026-01-07T11:03:00+00:00,https://reddit.com/r/spotify/comments/seed_post_6_disco/_/seed_comment_6_31_3,spotify,18,0
seed_comment_6_31_4,comment,Comment on: Discover Weekly has been repeating the same artists for 3 months,It's because of their new 'Discovery Mode' where labels accept lower royalties for placement. (Detail Iteration 7),commenter_6_4,2026-01-07T11:04:00+00:00,https://reddit.com/r/spotify/comments/seed_post_6_disco/_/seed_comment_6_31_4,spotify,15,0
seed_comment_6_31_5,comment,Comment on: Discover Weekly has been repeating the same artists for 3 months,I skipped 15 tracks in a row today. Truly disappointing. (Detail Iteration 7),commenter_6_5,2026-01-07T11:05:00+00:00,https://reddit.com/r/spotify/comments/seed_post_6_disco/_/seed_comment_6_31_5,spotify,12,0
seed_comment_6_31_6,comment,Comment on: Discover Weekly has been repeating the same artists for 3 months,"I listen to jazz and classical, but got recommended Drake. Make it make sense. (Detail Iteration 7)",commenter_6_6,2026-01-07T11:06:00+00:00,https://reddit.com/r/spotify/comments/seed_post_6_disco/_/seed_comment_6_31_6,spotify,9,0
seed_post_6_best_,post,Best way to reset Discover Weekly recommendations? (Discussion Part 7),My playlist is completely ruined because I left a lo-fi playlist running overnight to sleep. How do I get it back to my actual music taste? [Entry iteration 7],user_reddit_6_31,2026-01-07T10:00:00+00:00,https://reddit.com/r/truespotify/comments/seed_post_6_best_,truespotify,125,5
seed_comment_6_32_0,comment,Comment on: Best way to reset Discover Weekly recommendations?,Turn on 'Private Session' before playing sleep playlists. It prevents it from affecting your recommendations. (Detail Iteration 7),commenter_6_0,2026-01-07T11:00:00+00:00,https://reddit.com/r/truespotify/comments/seed_post_6_best_/_/seed_comment_6_32_0,truespotify,21,0
seed_comment_6_32_1,comment,Comment on: Best way to reset Discover Weekly recommendations?,There's no reset button. You just have to actively search and play your normal music for a few weeks. (Detail Iteration 7),commenter_6_1,2026-01-07T11:01:00+00:00,https://reddit.com/r/truespotify/comments/seed_post_6_best_/_/seed_comment_6_32_1,truespotify,18,0
seed_comment_6_32_2,comment,Comment on: Best way to reset Discover Weekly recommendations?,Exclude the sleep playlist from your taste profile! There is an option in the playlist settings. (Detail Iteration 7),commenter_6_2,2026-01-07T11:02:00+00:00,https://reddit.com/r/truespotify/comments/seed_post_6_best_/_/seed_comment_6_32_2,truespotify,15,0
seed_comment_6_32_3,comment,Comment on: Best way to reset Discover Weekly recommendations?,Yes! The 'Exclude from your taste profile' feature was a lifesaver for this exact reason. (Detail Iteration 7),commenter_6_3,2026-01-07T11:03:00+00:00,https://reddit.com/r/truespotify/comments/seed_post_6_best_/_/seed_comment_6_32_3,truespotify,12,0
seed_comment_6_32_4,comment,Comment on: Best way to reset Discover Weekly recommendations?,It takes about 2-3 weeks of normal listening to dilute the overnight data. (Detail Iteration 7),commenter_6_4,2026-01-07T11:04:00+00:00,https://reddit.com/r/truespotify/comments/seed_post_6_best_/_/seed_comment_6_32_4,truespotify,9,0
seed_post_6_the_s,post,The Spotify AI DJ repeats the exact same transition phrases (Discussion Part 7),I like the voice of Xavier but hearing 'Let's switch it up and look back at what you were listening to in 2021' every single time is driving me crazy. Anyone else? [Entry iteration 7],user_reddit_6_32,2026-01-07T10:00:00+00:00,https://reddit.com/r/spotify/comments/seed_post_6_the_s,spotify,240,7
seed_comment_6_33_0,comment,Comment on: The Spotify AI DJ repeats the exact same transition phrases,"Yeah, and it always plays the same 5 songs from that year too. (Detail Iteration 7)",commenter_6_0,2026-01-07T11:00:00+00:00,https://reddit.com/r/spotify/comments/seed_post_6_the_s/_/seed_comment_6_33_0,spotify,27,0
seed_comment_6_33_1,comment,Comment on: The Spotify AI DJ repeats the exact same transition phrases,I wish we could choose different voices. A British DJ voice would be awesome. (Detail Iteration 7),commenter_6_1,2026-01-07T11:01:00+00:00,https://reddit.com/r/spotify/comments/seed_post_6_the_s/_/seed_comment_6_33_1,spotify,24,0
seed_comment_6_33_2,comment,Comment on: The Spotify AI DJ repeats the exact same transition phrases,"It's not really AI, it's just a text-to-speech engine reading from a pre-determined script. (Detail Iteration 7)",commenter_6_2,2026-01-07T11:02:00+00:00,https://reddit.com/r/spotify/comments/seed_post_6_the_s/_/seed_comment_6_33_2,spotify,21,0
seed_comment_6_33_3,comment,Comment on: The Spotify AI DJ repeats the exact same transition phrases,I stopped using it. It is way too repetitive. (Detail Iteration 7),commenter_6_3,2026-01-07T11:03:00+00:00,https://reddit.com/r/spotify/comments/seed_post_6_the_s/_/seed_comment_6_33_3,spotify,18,0
seed_comment_6_33_4,comment,Comment on: The Spotify AI DJ repeats the exact same transition phrases,It needs a skip button for the speaking parts. (Detail Iteration 7),commenter_6_4,2026-01-07T11:04:00+00:00,https://reddit.com/r/spotify/comments/seed_post_6_the_s/_/seed_comment_6_33_4,spotify,15,0
seed_comment_6_33_5,comment,Comment on: The Spotify AI DJ repeats the exact same transition phrases,"Actually, I love the commentary. It feels like a real radio station. (Detail Iteration 7)",commenter_6_5,2026-01-07T11:05:00+00:00,https://reddit.com/r/spotify/comments/seed_post_6_the_s/_/seed_comment_6_33_5,spotify,12,0
seed_comment_6_33_6,comment,Comment on: The Spotify AI DJ repeats the exact same transition phrases,It kept playing tracks I explicitly skipped. The integration is half-baked. (Detail Iteration 7),commenter_6_6,2026-01-07T11:06:00+00:00,https://reddit.com/r/spotify/comments/seed_post_6_the_s/_/seed_comment_6_33_6,spotify,9,0
seed_post_6_spoti,post,Spotify's music discovery tools feel very weak compared to Apple Music (Discussion Part 7),I feel like Spotify keeps recommending the same bubble of music. Apple Music's Discovery Station actually introduces me to completely new genres and underground bands. [Entry iteration 7],user_reddit_6_33,2026-01-07T10:00:00+00:00,https://reddit.com/r/musicsuggestions/comments/seed_post_6_spoti,musicsuggestions,118,5
seed_comment_6_34_0,comment,Comment on: Spotify's music discovery tools feel very weak compared to Apple Music,Totally agree. Apple's algorithm is much less aggressive about keeping you in a safety bubble. (Detail Iteration 7),commenter_6_0,2026-01-07T11:00:00+00:00,https://reddit.com/r/musicsuggestions/comments/seed_post_6_spoti/_/seed_comment_6_34_0,musicsuggestions,21,0
seed_comment_6_34_1,comment,Comment on: Spotify's music discovery tools feel very weak compared to Apple Music,"I've had the opposite experience. Apple Music is too random, Spotify keeps me in my comfort zone. (Detail Iteration 7)",commenter_6_1,2026-01-07T11:01:00+00:00,https://reddit.com/r/musicsuggestions/comments/seed_post_6_spoti/_/seed_comment_6_34_1,musicsuggestions,18,0
seed_comment_6_34_2,comment,Comment on: Spotify's music discovery tools feel very weak compared to Apple Music,"If you want real discovery, use Bandcamp or search subreddits like this one instead of relying on algorithms. (Detail Iteration 7)",commenter_6_2,2026-01-07T11:02:00+00:00,https://reddit.com/r/musicsuggestions/comments/seed_post_6_spoti/_/seed_comment_6_34_2,musicsuggestions,15,0
seed_comment_6_34_3,comment,Comment on: Spotify's music discovery tools feel very weak compared to Apple Music,Release Radar is the only discovery playlist I check now. (Detail Iteration 7),commenter_6_3,2026-01-07T11:03:00+00:00,https://reddit.com/r/musicsuggestions/comments/seed_post_6_spoti/_/seed_comment_6_34_3,musicsuggestions,12,0
seed_comment_6_34_4,comment,Comment on: Spotify's music discovery tools feel very weak compared to Apple Music,Check out the 'Smart Shuffle' feature. It's actually decent for finding similar tracks. (Detail Iteration 7),commenter_6_4,2026-01-07T11:04:00+00:00,https://reddit.com/r/musicsuggestions/comments/seed_post_6_spoti/_/seed_comment_6_34_4,musicsuggestions,9,0
seed_post_6_stuck,post,Stuck in a recommendation loop. Spotify won't stop playing the same 20 songs (Discussion Part 7),"Whether I start radio from a track, play a Daily Mix, or use Smart Shuffle, it always loops back to the same 20 songs. I listen to thousands of tracks, why is this happening? [Entry iteration 7]",user_reddit_6_34,2026-01-07T10:00:00+00:00,https://reddit.com/r/spotify/comments/seed_post_6_stuck,spotify,345,5
seed_comment_6_35_0,comment,Comment on: Stuck in a recommendation loop. Spotify won't stop playing the same 20 songs,It's cached heavy rotation. The algorithm is optimized for retention and assumes you want familiarity. (Detail Iteration 7),commenter_6_0,2026-01-07T11:00:00+00:00,https://reddit.com/r/spotify/comments/seed_post_6_stuck/_/seed_comment_6_35_0,spotify,21,0
seed_comment_6_35_1,comment,Comment on: Stuck in a recommendation loop. Spotify won't stop playing the same 20 songs,Clear your app cache. Sometimes it resets the local playlist generation variables. (Detail Iteration 7),commenter_6_1,2026-01-07T11:01:00+00:00,https://reddit.com/r/spotify/comments/seed_post_6_stuck/_/seed_comment_6_35_1,spotify,18,0
seed_comment_6_35_2,comment,Comment on: Stuck in a recommendation loop. Spotify won't stop playing the same 20 songs,I started using Blend playlists with friends just to force some variety into my feed. (Detail Iteration 7),commenter_6_2,2026-01-07T11:02:00+00:00,https://reddit.com/r/spotify/comments/seed_post_6_stuck/_/seed_comment_6_35_2,spotify,15,0
seed_comment_6_35_3,comment,Comment on: Stuck in a recommendation loop. Spotify won't stop playing the same 20 songs,Smart Shuffle is the worst offender. It injects the same promoted tracks constantly. (Detail Iteration 7),commenter_6_3,2026-01-07T11:03:00+00:00,https://reddit.com/r/spotify/comments/seed_post_6_stuck/_/seed_comment_6_35_3,spotify,12,0
seed_comment_6_35_4,comment,Comment on: Stuck in a recommendation loop. Spotify won't stop playing the same 20 songs,This is why I've started migrating my playlists to Tidal. (Detail Iteration 7),commenter_6_4,2026-01-07T11:04:00+00:00,https://reddit.com/r/spotify/comments/seed_post_6_stuck/_/seed_comment_6_35_4,spotify,9,0
seed_post_7_disco,post,Discover Weekly has been repeating the same artists for 3 months (Discussion Part 8),"Every Monday I open my Discover Weekly hoping to find new indie artists, but Spotify just feeds me the same 5-6 artists I already have in my library or listened to last year. Is the algorithm stuck? [Entry iteration 8]",user_reddit_7_35,2026-02-08T10:00:00+00:00,https://reddit.com/r/spotify/comments/seed_post_7_disco,spotify,177,7
seed_comment_7_36_0,comment,Comment on: Discover Weekly has been repeating the same artists for 3 months,Same here! I listen to synthwave once and now my Discover Weekly is 90% synthwave for the last month. (Detail Iteration 8),commenter_7_0,2026-02-08T11:00:00+00:00,https://reddit.com/r/spotify/comments/seed_post_7_disco/_/seed_comment_7_36_0,spotify,28,0
seed_comment_7_36_1,comment,Comment on: Discover Weekly has been repeating the same artists for 3 months,"I found that if you block the artists you don't want, it forces the algorithm to find new ones. (Detail Iteration 8)",commenter_7_1,2026-02-08T11:01:00+00:00,https://reddit.com/r/spotify/comments/seed_post_7_disco/_/seed_comment_7_36_1,spotify,25,0
seed_comment_7_36_2,comment,Comment on: Discover Weekly has been repeating the same artists for 3 months,Discover Weekly used to be gold in 2018. Now it feels like a paid promotion playlist for major labels. (Detail Iteration 8),commenter_7_2,2026-02-08T11:02:00+00:00,https://reddit.com/r/spotify/comments/seed_post_7_disco/_/seed_comment_7_36_2,spotify,22,0
seed_comment_7_36_3,comment,Comment on: Discover Weekly has been repeating the same artists for 3 months,Try creating a clean secondary account. The recommendations there are much fresher. (Detail Iteration 8),commenter_7_3,2026-02-08T11:03:00+00:00,https://reddit.com/r/spotify/comments/seed_post_7_disco/_/seed_comment_7_36_3,spotify,19,0
seed_comment_7_36_4,comment,Comment on: Discover Weekly has been repeating the same artists for 3 months,It's because of their new 'Discovery Mode' where labels accept lower royalties for placement. (Detail Iteration 8),commenter_7_4,2026-02-08T11:04:00+00:00,https://reddit.com/r/spotify/comments/seed_post_7_disco/_/seed_comment_7_36_4,spotify,16,0
seed_comment_7_36_5,comment,Comment on: Discover Weekly has been repeating the same artists for 3 months,I skipped 15 tracks in a row today. Truly disappointing. (Detail Iteration 8),commenter_7_5,2026-02-08T11:05:00+00:00,https://reddit.com/r/spotify/comments/seed_post_7_disco/_/seed_comment_7_36_5,spotify,13,0
seed_comment_7_36_6,comment,Comment on: Discover Weekly has been repeating the same artists for 3 months,"I listen to jazz and classical, but got recommended Drake. Make it make sense. (Detail Iteration 8)",commenter_7_6,2026-02-08T11:06:00+00:00,https://reddit.com/r/spotify/comments/seed_post_7_disco/_/seed_comment_7_36_6,spotify,10,0
seed_post_7_best_,post,Best way to reset Discover Weekly recommendations? (Discussion Part 8),My playlist is completely ruined because I left a lo-fi playlist running overnight to sleep. How do I get it back to my actual music taste? [Entry iteration 8],user_reddit_7_36,2026-02-08T10:00:00+00:00,https://reddit.com/r/truespotify/comments/seed_post_7_best_,truespotify,130,5
seed_comment_7_37_0,comment,Comment on: Best way to reset Discover Weekly recommendations?,Turn on 'Private Session' before playing sleep playlists. It prevents it from affecting your recommendations. (Detail Iteration 8),commenter_7_0,2026-02-08T11:00:00+00:00,https://reddit.com/r/truespotify/comments/seed_post_7_best_/_/seed_comment_7_37_0,truespotify,22,0
seed_comment_7_37_1,comment,Comment on: Best way to reset Discover Weekly recommendations?,There's no reset button. You just have to actively search and play your normal music for a few weeks. (Detail Iteration 8),commenter_7_1,2026-02-08T11:01:00+00:00,https://reddit.com/r/truespotify/comments/seed_post_7_best_/_/seed_comment_7_37_1,truespotify,19,0
seed_comment_7_37_2,comment,Comment on: Best way to reset Discover Weekly recommendations?,Exclude the sleep playlist from your taste profile! There is an option in the playlist settings. (Detail Iteration 8),commenter_7_2,2026-02-08T11:02:00+00:00,https://reddit.com/r/truespotify/comments/seed_post_7_best_/_/seed_comment_7_37_2,truespotify,16,0
